DESCRICAO;UNIDADE;VALOR
1. IMPRESSÃO;M2; R$ -
1.1 Impressão 3D;M2; R$ -
1.2 Impressão Digital vinil leitoso;M2; R$ 140,00
1.3 Impressão Digital em vinil Jateado;M2; R$ 170,00
1.4 Impressão Digital em Vinil Transparente Calçado de branco;M2; R$ 165,00
1.5 Impressão Digital com recorte ;M2; R$ 170,00
1.6 Impressão Digital em vinil transparente calçado com recorte;M2; R$ 195,00
1.7 Impressões digitais utilizando vinil premium acrescer 38%;M2;
1.8 Vinil calandrado recorte ;M2; R$ 160,00
1.9 Vinil calandrado premium recorte ;M2; R$ 190,00
2.0 Vinil calandrado importado recorte;M2; R$ 337,14
2.1 Vinil calandrado refletivo recorte;M2; R$ 235,63
2.2 Vinil Fotoluminescente recorte;M2; R$ 1.123,80
2.2 Impressão Digital vinil leitoso com laminação;M2; R$ 195,00
2.2 Gabarito Instalação;; R$ -
2.6 Router ACM;; R$ -
2.7 Acrílico;; R$ -
2.9 Laser Acrílico;; R$ -
2.10 Router MDF;; R$ -
3. SOLDAS;; R$ -
3.1 Branca;; R$ -
3.2 Eletrodo;; R$ -
3.3 MIG;; R$ -
3.4 TIG;; R$ -
4. ACABAMENTO GROSSO;; R$ -
4.1 Desbaste;; R$ -
4.2 Fino;; R$ -
5. PINTURA;; R$ 225,00
5.1 Automotiva;; R$ -
5.2 Acetinado / Semi-Brilho;; R$ -
5.3 Laca;; R$ -
5.4 Eletrostática;; R$ -
5.5 Brilhante;; R$ -
5.6 Poliéster;; R$ -
5.7 Fosco;; R$ -
5.8 PU;; R$ -
6. ACABAMENTO FINAL;; R$ -
6.1 ACM;; R$ 253,76
ACM CORES ;; R$ 253,76
ACM CORES ESPECIAIS ;; R$ 290,00
6.2 Lixamento / Preparação;; R$ -
6.3 Acrílico;; R$ -
6.4 MDF;; R$ -
6.5 Adesivo;; R$ -
6.6 Pintura;; R$ -
6.7 Impressão;; R$ -
7. ILUMINAÇÃO;; R$ -
7.1 Fita LED;; R$ -
7.2 LED / Soldagem / Fiação;; R$ -
7.3 RGB;; R$ -
7.4 Haste;; R$ -
7.5 Módulo LED;; R$ -
7.6 Lâmpada Tubular / Fiação;; R$ -
7.7 Refletor / Fiação;; R$ -
8. ACESSÓRIOS;; R$ -
8.1 Barra Roscada;; R$ -
8.2 Cantoneiras;; R$ -
8.3 Fita VHB;; R$ -
8.4 Parabolt;; R$ -
8.5 Pino Fixador;; R$ -
8.6 Sikadur;; R$ -
8.7 Bucha;; R$ -
8.8 Fiação;; R$ -
8.9 Fonte;; R$ -
8.10 Parafuso;; R$ -
8.11 Prolongador;; R$ -
8.12 Vidros;; R$ -
8.13 Canaleta de LED;; R$ -
8.14 Interruptor LD;; R$ -
8.15 Mão Amiga;; R$ -
8.16 Perfil Alumínio;; R$ -
8.17 Sapata Regulável;; R$ -
9. COLAGEM;; R$ -
9.1 ACM;; R$ -
9.2 Módulo de LED;; R$ -
9.3 Acrílico;; R$ -
9.4 Primmer;; R$ -
9.5 Cola / Cianocrilato;; R$ -
9.6 Silicone / Vedação;; R$ -
9.7 Fita de Borda;; R$ -
10. FACHADA DE ACM;; R$ -
11. PLACA FACHADA  DE ACM ADESIVADA ;; R$ -
11.1. PLACA FACHADA DE ACM COM LETRA CAIXA EM AÇO SEM ILUMINAÇÃO;; R$ -
11.2. PLACA FACHADA DE ACM COM LETRA CAIXA EM AÇO COM ILUMINAÇÃO;; R$ -
11.3. PLACA FACHADA DE ACM COM LETRA CAIXA EM PVC SEM ILUMINAÇÃO;; R$ -
11.4. PLACA FACHADA DE ACM COM LETRA CAIXA EM PVC COM ILUMINAÇÃO;; R$ -
11.5. PLACA FACHADA DE ACM COM LETRA CAIXA EM ACRILICO COM ILUMINAÇÃO;; R$ -
11.6. PLACA FACHADA DE ACM COM LETRA CAIXA EM ACRILICO SEM ILUMINAÇÃO;; R$ -
11.7. PLACA FACHADA LONA FRONT;; R$ -
11.8. PLACA FACHADA LONA BACK;; R$ -
12. PLACA DE SINALIZAÇÃO PVC ADESIVADO;; R$ -
12.1. PLACA DE SINALIZAÇÃO ACRILICO ADESIVADO;; R$ -
12.2. PLACA DE SINALIZAÇÃO AÇO ADESICADO;; R$ -
12.3. PLACA DE SINALIZAÇÃO PVC PINTADA COM VINIL RECORTADO;; R$ -
12.4. PLACA DE SINALIZAÇÃO PVC PINTADA COM ACRILICO RECORTADO;; R$ -
12.5. PLACA DE SINALIZAÇÃO ACRILICO PINTADO COM RECORTE;; R$ -
12.6. PLACA DE SINALIZAÇÃO ACRILICO PINTADO COM ACRILICO RECORTADO;; R$ -
12.7. PLACA DE SINALIZAÇÃO AÇO PINTADO COM VINIL RECORTADO;; R$ -
12.8. PLACA DE SINALIZAÇÃO AÇO PINTADO COM ACRILICO RECORTADO;; R$ -
12.9. PLACA DE SINALIZAÇÃO ACRILICO CRISTAL COM VINIL CALÇADO;; R$ -
12.10. PLACA DE SINALIZAÇÃO ACRILICO CRISTAL CALÇADO E RECORTE;; R$ -
12.11. PLACA DE SINALIZAÇÃO ACRILICO CRISTLA CALÇADO E ACRILICO RECORTADO;; R$ -
12.12. PLACA DE SINALIZAÇÃO PSID COM ADESIVO;; R$ -
12.13. PLACA DE SINALIZAÇÃO PSID COM ADESICO E ACRILICO RECORTADO;; R$ -
12.14. PLACA DE SINALIZAÇÃO VIDRO COM ADESIVO IMPRESSO CALÇADO ;; R$ -
12.15. PLACA DE SINALIZAÇÃO VIDRO COM ADESIVO IMPRESSO CALÇADO  E ACRILICO RECORTADO;; R$ -
12.16. PLACA DE SINALIZAÇÃO INOX PINTADO COM RECORTE;; R$ -
12.17. PLACA DE SINALIZAÇÃO INOX PINTADO COM ACRILICO RECORTADO;; R$ -
12.18. PLACA DE SINALIZAÇÃO ACM PINTADO COM RECORTE;; R$ -
12.19. PLACA DE SINALIZAÇÃO ACM PINTADO COM ACRILICO RECORTADO;; R$ -
12.20. PLACA DE SINALIZAÇÃO EM ACM COM VINIL IMPRESSO;; R$ -
12.21. PLACA DE SINALIZAÇÃO EM ACM COM VINIL RECORTADO;; R$ -
12.22. PLACA DE SINALIZAÇÃO EM ACM COM ACRILICO RECORTADO;; R$ -
13. LETREIRO EM AÇO GALVANIZADO SEM ILUMINAÇÃO;; R$ -
13.1. LETREIRO EM AÇO GALVANIZADO COM ILUMINAÇÃO;; R$ -
13.2. LETREIRO EM AÇO INOX SEM ILUMINAÇÃO;; R$ -
13.3. LETREIRO EM AÇO INOX COM ILUMNAÇÃO;; R$ -
13.4. LETREIRO EM PVC EXPANDIDO SEM ILUMINAÇÃO;; R$ -
13.5. LETREIRO EM PVC EXPANDIDO COM ILUMINAÇÃO;; R$ -
13.6. LETREIRO EM ACRILICO PINTADO;; R$ -
14. ADESIVO IMPRESSO;; R$ -
14.1. ADESIVO RECORTE;; R$ -
14.2. ADESIVO IMPRESSO COM RECORTE;; R$ -
14.3. ADESIVO IMPRESSO COM CALÇO;; R$ -
14.4. GRAVAÇÃO LASER ;; R$ -
14.5. LONA IMPRESSA SIMPLES ;; R$ -
14.6. LONA IMPRESSA COM ACABAMENTO;; R$ -
14.7. BANNER;; R$ -
